dtfk1,dtfk3,ft4,dtsk4,dtfk5,ft5,ft7,dtfk11,ft11,dtsk11,dtfk13,dtfk14,ft14,dtsk14,gender
47,62,109,94,94,156,94,94,94,31,78,47,109,63,1
62,62,32,62,94,125,47,110,78,93,93,62,94,63,1
63,94,109,94,78,140,94,94,94,31,63,47,109,63,1
109,78,313,391,391,47,15,62,47,32,62,31,63,15,1
78,93,16,47,516,578,63,47,63,94,16,47,32,46,1
32,78,313,391,484,79,78,62,47,32,46,31,63,15,1
78,62,109,219,219,15,46,63,93,63,63,79,171,63,1
63,62,62,63,62,47,47,47,109,47,62,63,46,63,1
78,47,109,219,62,32,16,63,93,63,63,79,171,63,1
119,94,172,266,266,47,157,109,31,94,63,94,31,78,1
94,78,15,78,0,31,94,110,47,78,16,94,78,78,1
15,93,172,266,0,16,16,109,31,94,78,94,31,78,1
78,78,141,281,281,47,94,93,156,47,16,47,94,47,1
47,63,47,78,0,47,93,16,78,47,328,63,141,31,1
235,62,141,281,0,31,47,93,156,47,31,47,94,47,1
79,94,94,94,94,312,78,78,63,78,78,63,31,62,1
94,62,16,62,47,188,187,78,62,63,78,78,63,78,1
78,63,94,94,78,172,47,78,63,78,78,63,31,62,1
109,94,172,125,125,156,47,141,78,157,109,125,16,109,1
125,16,16,78,156,109,31,94,94,62,109,78,47,124,1
93,31,172,125,156,547,47,141,78,157,124,125,16,109,1
94,94,16,94,94,47,94,16,79,62,15,16,110,31,1
110,63,78,94,532,625,141,78,32,141,15,78,16,78,1
31,16,16,94,563,656,78,16,79,62,78,16,110,31,1
62,94,16,125,125,32,16,94,31,47,16,94,15,78,1
62,62,32,62,0,16,47,94,16,109,391,62,32,62,1
16,62,16,125,93,16,31,94,31,47,62,94,15,78,1
94,109,63,78,78,94,16,94,78,109,94,78,16,94,1
110,93,31,78,156,141,16,75,86,93,62,93,16,109,1
109,62,63,78,94,78,16,94,78,109,109,78,16,94,1
78,63,62,156,156,32,204,31,141,62,62,78,32,93,1
94,79,63,31,0,15,31,15,94,109,93,31,78,47,1
94,78,62,156,0,47,32,31,141,62,47,78,32,93,1
47,47,63,78,78,156,63,172,15,63,110,63,15,79,1
78,94,15,79,0,16,15,78,15,78,32,47,31,94,1
16,78,63,78,125,16,16,172,15,63,94,63,15,79,1
47,94,156,235,235,31,47,156,47,125,63,62,16,94,1
250,94,15,78,94,125,109,203,31,109,156,62,32,93,1
78,63,156,235,0,46,110,156,47,125,93,62,16,94,1
78,78,62,94,94,141,16,78,47,78,32,94,31,78,1
110,78,47,62,94,109,265,156,63,125,62,125,16,94,1
94,94,62,94,78,94,15,78,47,78,94,94,31,78,1
109,94,32,110,110,62,16,32,78,79,47,15,62,47,1
63,93,15,62,640,703,94,110,15,93,15,15,62,31,1
94,63,32,110,0,15,16,32,78,79,31,15,62,47,1
78,78,15,78,78,94,94,63,93,63,15,110,15,78,1
94,204,15,93,47,125,78,63,94,62,78,94,31,78,1
94,78,15,78,94,125,15,63,93,63,78,110,15,78,1
93,78,78,125,125,94,109,94,94,203,94,78,78,78,1
250,110,16,78,0,62,93,265,78,110,94,109,813,125,1
140,172,78,125,891,93,78,94,94,203,125,78,78,78,1
562,78,0,94,94,109,15,94,125,78,78,93,47,78,1
93,109,78,78,94,78,31,94,78,78,78,78,47,94,1
156,79,0,94,94,78,31,94,125,78,94,93,47,78,1
125,93,265,390,390,63,93,203,62,141,125,78,110,109,1
38,594,250,31,0,15,125,16,110,78,344,156,313,391,1
16,219,265,390,0,46,187,203,62,141,391,78,110,109,1
94,141,78,156,156,63,31,234,63,157,62,94,203,140,1
78,128,16,62,0,78,94,156,47,109,32,78,63,109,1
125,110,78,156,125,62,62,234,63,157,109,94,203,140,1
141,94,391,110,110,15,109,297,31,141,344,93,32,109,1
93,93,47,94,125,15,125,172,31,140,62,94,62,94,1
234,79,391,110,0,15,188,297,31,141,94,93,32,109,1
62,78,15,109,109,16,47,109,16,31,15,62,32,78,1
63,79,63,31,0,15,63,94,47,94,62,63,47,94,1
78,63,15,109,125,16,16,109,16,31,94,62,32,78,1
141,102,53,91,91,259,78,110,94,187,110,94,15,125,1
109,16,15,63,78,172,16,94,125,78,110,156,15,109,1
125,16,53,91,94,223,16,110,94,187,109,94,15,125,1
94,78,15,63,63,62,32,63,109,140,79,15,47,16,1
78,156,79,62,515,63,31,78,79,78,63,109,16,79,1
140,46,15,63,94,62,172,63,109,140,79,15,47,16,1
125,63,63,78,78,125,16,141,46,32,41,78,15,63,1
172,62,31,94,78,125,116,156,47,94,47,78,47,46,1
94,63,63,78,62,125,31,141,46,32,46,78,15,63,1
78,78,156,141,141,16,16,94,125,78,109,79,78,62,1
203,32,16,62,172,15,63,78,110,78,78,94,31,63,1
78,94,156,141,125,109,15,94,125,78,63,79,78,62,1
62,47,47,62,62,141,110,79,140,47,47,78,16,62,1
78,78,32,93,78,157,203,109,94,62,47,63,47,78,1
63,78,47,62,63,140,31,79,140,47,78,78,16,62,1
94,47,250,328,328,62,78,140,234,63,62,78,31,94,1
313,141,79,31,0,62,235,16,93,63,156,62,281,79,1
78,125,250,328,0,63,141,140,234,63,79,78,31,94,1
93,78,234,94,94,47,218,63,140,94,78,63,219,78,1
63,78,188,62,93,63,250,78,140,78,94,78,204,62,1
62,47,234,94,141,203,375,63,140,94,62,63,219,78,1
93,94,110,250,250,63,46,125,47,63,47,93,78,63,1
78,62,31,78,125,16,16,125,15,78,0,62,16,78,1
31,0,110,250,844,938,32,125,47,63,78,93,78,63,1
156,93,32,171,171,16,62,156,47,78,47,78,31,125,1
62,63,93,47,110,31,109,78,47,125,62,94,15,94,1
47,63,32,171,94,31,125,156,47,78,94,78,31,125,1
125,78,94,78,78,203,0,94,78,94,78,93,32,62,1
187,94,31,63,0,0,63,110,93,78,78,94,31,78,1
78,78,94,78,94,171,16,94,78,94,78,93,32,62,1
125,109,250,78,78,110,140,47,156,79,63,93,94,78,1
110,78,219,93,94,78,328,78,109,79,93,110,125,93,1
94,63,250,78,93,250,187,47,156,79,93,93,94,78,1
63,47,93,156,156,31,125,78,31,125,78,62,31,63,1
62,63,16,47,0,594,125,140,0,63,31,63,31,78,1
78,78,93,156,0,16,31,78,31,125,78,62,31,63,1
109,109,391,438,438,31,31,109,125,109,15,78,0,94,1
94,78,141,78,0,32,78,125,31,62,32,78,31,94,1
78,94,391,438,0,31,31,109,125,109,94,78,0,94,1
125,125,485,594,594,47,141,47,62,109,0,78,32,93,1
93,78,47,78,125,31,110,125,62,125,94,94,47,93,1
156,62,485,594,234,16,78,47,62,109,93,78,32,93,1
62,47,125,63,63,171,32,78,78,47,63,46,79,78,1
172,78,46,47,47,31,15,78,94,63,63,62,63,78,1
62,78,125,63,46,47,16,78,78,47,78,46,79,78,1
93,172,128,225,225,40,47,78,63,93,32,94,47,94,1
78,109,47,62,609,734,93,79,78,172,78,15,62,47,1
78,78,128,225,0,47,31,78,63,93,47,94,47,94,1
63,63,63,140,140,188,578,78,94,188,47,93,63,62,1
62,94,62,78,125,207,78,78,125,62,47,94,31,94,1
62,94,63,140,47,687,453,78,94,188,94,93,63,62,1
78,78,271,380,380,47,16,125,32,0,32,62,16,78,1
62,78,32,78,0,47,31,312,63,94,62,78,31,79,1
63,62,271,380,125,140,0,125,32,0,79,62,16,78,1
78,78,140,79,79,250,141,63,93,63,63,62,110,78,1
63,63,94,62,94,125,78,78,110,62,78,63,47,78,1
63,62,140,79,78,172,125,63,93,63,78,62,110,78,1
126,78,31,172,172,31,16,140,47,63,31,78,32,78,1
125,109,15,78,110,125,63,829,31,93,62,157,31,109,1
141,93,31,172,172,93,78,140,47,63,109,78,32,78,1
62,78,78,62,62,94,31,78,94,63,31,78,62,63,1
94,47,61,52,78,94,62,62,110,62,31,78,47,78,1
94,94,78,62,79,78,47,78,94,63,78,78,62,63,1
125,78,188,78,78,31,31,78,110,78,125,78,32,125,1
156,109,0,78,0,31,31,62,94,62,125,62,235,125,1
109,78,188,78,0,0,16,78,110,78,125,78,32,125,1
125,125,109,203,203,47,63,157,31,62,156,78,16,62,1
47,31,94,0,1469,140,62,0,47,63,31,63,31,94,1
16,31,109,203,141,15,719,157,31,62,94,78,16,62,1
141,94,203,78,78,249,344,94,140,79,78,78,109,94,1
109,109,157,78,62,204,172,94,172,78,78,94,125,93,1
110,407,203,78,1109,63,203,94,140,79,93,78,109,94,1
156,140,79,110,110,15,16,63,47,15,48,46,109,78,1
15,93,94,31,141,0,78,16,78,62,16,16,109,16,1
63,110,79,110,438,125,32,63,47,15,16,46,109,78,1
156,109,109,157,157,156,94,94,203,63,110,141,15,94,1
125,94,141,47,172,0,125,16,141,62,531,125,63,93,1
250,93,109,157,94,156,140,94,203,63,93,141,15,94,1
125,94,125,125,125,78,63,125,94,78,94,109,62,79,1
141,94,47,109,109,32,140,156,47,110,94,109,94,94,1
109,93,125,125,125,47,110,125,94,78,94,109,62,79,1
78,63,125,94,94,219,109,78,110,46,63,110,62,94,1
109,62,31,78,94,187,15,94,93,78,63,78,109,63,1
78,63,125,94,110,234,0,78,110,46,63,110,62,94,1
93,171,47,156,156,32,31,250,31,125,78,125,0,109,1
94,110,0,63,110,78,109,125,93,94,62,78,0,125,1
250,109,47,156,125,79,15,250,31,125,125,125,0,109,1
125,78,16,141,141,62,63,62,140,63,0,110,62,156,1
78,125,78,63,0,15,78,78,93,32,94,94,31,78,1
78,78,16,141,187,0,63,62,140,63,78,110,62,156,1
93,109,16,203,203,15,16,94,78,109,94,109,31,110,1
172,94,32,78,156,16,0,109,63,141,15,78,15,78,1
62,94,16,203,0,47,16,94,78,109,78,109,31,110,1
94,109,109,203,203,78,47,109,63,78,78,94,47,78,1
500,109,47,62,0,15,109,78,110,109,79,78,31,94,1
93,110,109,203,0,47,31,109,63,78,94,94,47,78,1
156,141,31,78,78,32,47,47,125,47,31,0,78,16,1
78,47,156,16,531,625,79,94,0,62,32,31,62,0,1
78,31,31,78,671,193,32,47,125,47,0,0,78,16,1
110,141,31,125,125,31,125,47,141,31,46,15,93,47,1
47,94,110,94,0,0,16,0,93,47,0,0,63,93,1
32,203,31,125,657,720,78,47,141,31,93,15,93,47,1
94,63,172,78,78,31,79,47,125,63,63,78,79,62,1
78,63,62,63,78,250,93,78,109,63,63,62,141,62,1
63,62,172,78,62,188,140,47,125,63,62,78,79,62,1
78,109,79,109,109,31,234,140,16,62,32,63,16,62,2
78,93,63,62,0,31,109,109,16,78,78,78,16,78,2
78,78,79,109,0,16,109,140,16,62,78,63,16,62,2
375,62,156,250,250,31,62,94,62,94,156,93,47,110,2
94,63,47,62,0,32,125,79,78,62,16,110,31,78,2
171,94,156,250,62,94,15,94,62,94,78,93,47,110,2
109,78,141,250,250,47,47,32,141,31,16,63,31,78,2
63,94,172,16,0,47,125,31,94,31,16,63,31,110,2
32,62,141,250,906,1000,203,32,141,31,110,63,31,78,2
62,62,31,109,109,31,32,218,47,16,16,47,46,63,2
47,63,16,47,0,15,47,94,15,62,16,63,47,47,2
63,78,31,109,0,31,78,218,47,16,47,47,46,63,2
172,78,31,140,140,31,16,62,94,62,125,78,78,62,2
219,94,62,78,0,16,109,94,109,62,16,78,63,78,2
140,94,31,140,109,16,16,62,94,62,78,78,78,62,2
57,69,63,80,80,442,36,69,111,41,81,33,69,61,2
192,98,31,78,70,411,24,78,94,94,79,78,63,78,2
74,79,63,80,73,185,73,69,111,41,78,33,69,61,2
110,94,63,172,172,47,78,156,63,141,15,78,78,125,2
94,78,16,78,0,31,94,110,47,62,410,109,172,125,2
187,78,63,172,0,15,172,156,63,141,125,78,78,125,2
93,63,32,187,187,0,31,94,78,47,20,109,16,93,2
125,94,16,62,110,31,117,94,31,63,32,63,46,125,2
78,78,32,187,109,47,15,94,78,47,125,109,16,93,2
62,63,219,62,62,31,109,79,125,62,62,47,47,78,2
62,47,63,78,63,94,125,93,110,93,47,63,62,63,2
31,47,219,62,47,78,219,79,125,62,63,47,47,78,2
109,78,63,109,109,47,0,78,93,203,47,79,31,78,2
94,78,31,110,78,78,62,109,110,62,78,78,31,94,2
125,94,63,109,93,78,31,78,93,203,94,79,31,78,2
93,110,31,79,79,31,16,125,62,109,31,94,16,78,2
94,62,32,78,98,59,94,79,93,140,62,93,32,62,2
79,46,31,79,94,31,16,125,62,109,62,94,16,78,2
94,79,15,140,140,47,0,94,94,47,16,94,16,78,2
94,62,32,94,0,16,140,78,94,78,78,62,16,94,2
62,62,15,140,0,63,31,94,94,47,94,94,16,78,2
63,46,62,78,78,125,16,63,109,62,47,62,31,47,2
63,47,47,63,125,62,62,62,125,63,16,47,47,62,2
203,62,62,78,79,46,16,63,109,62,62,62,31,47,2
140,109,62,172,172,15,46,141,62,125,16,94,47,62,2
125,94,32,78,94,46,141,109,31,110,16,78,62,79,2
31,63,62,172,78,94,15,141,62,125,79,94,47,62,2
63,62,63,78,78,62,78,78,93,63,47,63,47,62,2
78,62,78,63,63,125,125,78,94,63,78,78,62,63,2
94,62,63,78,47,125,78,78,93,63,63,63,47,62,2
109,31,47,125,125,47,16,47,63,109,16,78,0,31,2
47,78,93,32,484,500,47,31,62,79,0,16,94,16,2
94,78,47,125,0,47,78,47,63,109,16,78,0,31,2
94,78,157,78,78,172,78,79,78,78,94,62,31,79,2
94,78,0,94,109,157,141,78,110,78,78,78,94,94,2
110,93,157,78,47,156,63,79,78,78,94,62,31,79,2
94,63,94,78,78,187,62,78,94,63,78,47,78,63,2
94,78,63,62,63,62,94,63,109,78,63,63,62,47,2
63,47,94,78,63,140,47,78,94,63,47,47,78,63,2
78,125,0,78,78,78,16,31,109,47,31,78,31,63,2
94,125,78,47,141,47,47,15,125,46,16,93,0,63,2
47,78,0,78,0,15,94,31,109,47,63,78,31,63,2
62,94,62,109,109,31,141,141,0,62,31,78,32,93,2
78,94,78,31,110,31,78,63,172,16,78,63,93,78,2
78,31,62,109,0,0,47,141,0,62,78,78,32,93,2
