dtsk2,ft4,dtsk4,dtfk5,ft5,dtsk5,ft7,dtsk7,dtsk10,dtfk11,ft11,dtsk11,gender
62,109,94,94,156,78,94,94,78,94,94,31,1
62,32,62,94,125,94,47,78,79,110,78,93,1
79,109,94,78,140,94,94,78,78,94,94,31,1
78,313,391,391,47,62,15,78,47,62,47,32,1
16,16,47,516,578,32,63,62,62,47,63,94,1
63,313,391,484,79,62,78,47,47,62,47,32,1
62,109,219,219,15,63,46,47,94,63,93,63,1
94,62,63,62,47,94,47,63,47,47,109,47,1
62,109,219,62,32,94,16,78,94,63,93,63,1
94,172,266,266,47,94,157,93,93,109,31,94,1
78,15,78,0,31,78,94,63,47,110,47,78,1
94,172,266,0,16,78,16,93,93,109,31,94,1
78,141,281,281,47,47,94,62,63,93,156,47,1
125,47,78,0,47,47,93,16,62,16,78,47,1
47,141,281,0,31,109,47,78,63,93,156,47,1
94,94,94,94,312,78,78,63,94,78,63,78,1
78,16,62,47,188,78,187,78,47,78,62,63,1
47,94,94,78,172,78,47,78,94,78,63,78,1
94,172,125,125,156,125,47,31,62,141,78,157,1
62,16,78,156,109,125,31,109,93,94,94,62,1
78,172,125,156,547,172,47,125,62,141,78,157,1
94,16,94,94,47,31,94,16,78,16,79,62,1
94,78,94,532,625,32,141,15,62,78,32,141,1
15,16,94,563,656,32,78,16,78,16,79,62,1
94,16,125,125,32,16,16,62,78,94,31,47,1
78,32,62,0,16,47,47,16,47,94,16,109,1
31,16,125,93,16,78,31,93,78,94,31,47,1
109,63,78,78,94,78,16,62,93,94,78,109,1
47,31,78,156,141,266,16,94,79,75,86,93,1
78,63,78,94,78,109,16,62,93,94,78,109,1
63,62,156,156,32,78,204,78,78,31,141,62,1
78,63,31,0,15,79,31,62,78,15,94,109,1
94,62,156,0,47,141,32,78,78,31,141,62,1
47,63,78,78,156,31,63,78,93,172,15,63,1
94,15,79,0,16,78,15,110,78,78,15,78,1
78,63,78,125,16,125,16,78,93,172,15,63,1
94,156,235,235,31,94,47,63,110,156,47,125,1
94,15,78,94,125,109,109,63,62,203,31,109,1
46,156,235,0,46,109,110,93,110,156,47,125,1
78,62,94,94,141,78,16,94,62,78,47,78,1
78,47,62,94,109,79,265,32,62,156,63,125,1
93,62,94,78,94,63,15,93,62,78,47,78,1
94,32,110,110,62,62,16,63,63,32,78,79,1
32,15,62,640,703,63,94,47,141,110,15,93,1
94,32,110,0,15,125,16,47,63,32,78,79,1
78,15,78,78,94,78,94,78,62,63,93,63,1
62,15,93,47,125,219,78,15,62,63,94,62,1
47,15,78,94,125,234,15,62,62,63,93,63,1
78,78,125,125,94,78,109,172,78,94,94,203,1
110,16,78,0,62,93,93,94,79,265,78,110,1
93,78,125,891,93,172,78,78,78,94,94,203,1
78,0,94,94,109,94,15,79,94,94,125,78,1
78,78,78,94,78,94,31,78,109,94,78,78,1
94,0,94,94,78,94,31,78,94,94,125,78,1
93,265,390,390,63,110,93,219,985,203,62,141,1
109,250,31,0,15,187,125,125,109,16,110,78,1
78,265,390,0,46,140,187,94,985,203,62,141,1
141,78,156,156,63,93,31,110,234,234,63,157,1
156,16,62,0,78,125,94,62,78,156,47,109,1
94,78,156,125,62,94,62,109,234,234,63,157,1
94,391,110,110,15,110,109,79,235,297,31,141,1
125,47,94,125,15,141,125,344,94,172,31,140,1
94,391,110,0,15,109,188,109,235,297,31,141,1
78,15,109,109,16,62,47,63,94,109,16,31,1
78,63,31,0,15,62,63,15,62,94,47,94,1
16,15,109,125,16,63,16,79,94,109,16,31,1
102,53,91,91,259,144,78,16,78,110,94,187,1
94,15,63,78,172,94,16,110,93,94,125,78,1
109,53,91,94,223,125,16,78,78,110,94,187,1
78,15,63,63,62,63,32,46,79,63,109,140,1
125,79,62,515,63,78,31,79,125,78,79,78,1
78,15,63,94,62,79,172,16,79,63,109,140,1
63,63,78,78,125,47,16,63,78,141,46,32,1
63,31,94,78,125,203,116,41,79,156,47,94,1
78,63,78,62,125,110,31,62,78,141,46,32,1
78,156,141,141,16,125,16,94,94,94,125,78,1
94,16,62,172,15,94,63,109,79,78,110,78,1
110,156,141,125,109,125,15,63,94,94,125,78,1
47,47,62,62,141,62,110,78,79,79,140,47,1
94,32,93,78,157,62,203,47,47,109,94,62,1
62,47,62,63,140,78,31,63,79,79,140,47,1
47,250,328,328,62,172,78,125,344,140,234,63,1
110,79,31,0,62,172,235,62,78,16,93,63,1
78,250,328,0,63,172,141,62,344,140,234,63,1
78,234,94,94,47,94,218,47,78,63,140,94,1
62,188,62,93,63,109,250,78,62,78,140,78,1
62,234,94,141,203,109,375,47,78,63,140,94,1
94,110,250,250,63,63,46,0,63,125,47,63,1
109,31,78,125,16,63,16,47,63,125,15,78,1
78,110,250,844,938,31,32,78,63,125,47,63,1
93,32,171,171,16,109,62,63,375,156,47,78,1
16,93,47,110,31,109,109,47,78,78,47,125,1
93,32,171,94,31,125,125,109,375,156,47,78,1
78,94,78,78,203,63,0,78,63,94,78,94,1
63,31,63,0,0,94,63,78,110,110,93,78,1
62,94,78,94,171,63,16,62,63,94,78,94,1
109,250,78,78,110,78,140,63,110,47,156,79,1
78,219,93,94,78,78,328,63,63,78,109,79,1
78,250,78,93,250,94,187,78,110,47,156,79,1
47,93,156,156,31,63,125,78,73,78,31,125,1
47,16,47,0,594,656,125,78,63,140,0,63,1
63,93,156,0,16,94,31,63,73,78,31,125,1
109,391,438,438,31,46,31,94,78,109,125,109,1
110,141,78,0,32,46,78,15,78,125,31,62,1
93,391,438,0,31,94,31,94,78,109,125,109,1
125,485,594,594,47,140,141,62,78,47,62,109,1
125,47,78,125,31,141,110,0,62,125,62,125,1
63,485,594,234,16,109,78,94,78,47,62,109,1
47,125,63,63,171,79,32,78,93,78,78,47,1
47,46,47,47,31,94,15,63,63,78,94,63,1
63,125,63,46,47,94,16,62,93,78,78,47,1
172,128,225,225,40,110,47,78,109,78,63,93,1
109,47,62,609,734,0,93,32,78,79,78,172,1
47,128,225,0,47,141,31,172,109,78,63,93,1
63,63,140,140,188,109,578,94,141,78,94,188,1
63,62,78,125,207,109,78,47,63,78,125,62,1
63,63,140,47,687,94,453,78,141,78,94,188,1
78,271,380,380,47,125,16,62,63,125,32,0,1
0,32,78,0,47,125,31,32,63,312,63,94,1
78,271,380,125,140,94,0,32,63,125,32,0,1
78,140,79,79,250,93,141,62,63,63,93,63,1
63,94,62,94,125,125,78,63,63,78,110,62,1
47,140,79,78,172,125,125,83,63,63,93,63,1
78,31,172,172,31,156,16,93,453,140,47,63,1
16,15,78,110,125,156,63,31,78,829,31,93,1
110,31,172,172,93,157,78,94,453,140,47,63,1
78,78,62,62,94,94,31,94,110,78,94,63,1
16,61,52,78,94,188,62,31,63,62,110,62,1
94,78,62,79,78,78,47,78,110,78,94,63,1
78,188,78,78,31,94,31,78,62,78,110,78,1
78,0,78,0,31,109,31,125,63,62,94,62,1
78,188,78,0,0,94,16,94,62,78,110,78,1
125,109,203,203,47,62,63,31,94,157,31,62,1
63,94,0,1469,140,31,62,156,78,0,47,63,1
62,109,203,141,15,125,719,109,94,157,31,62,1
94,203,78,78,249,88,344,407,93,94,140,79,1
94,157,78,62,204,78,172,78,93,94,172,78,1
78,203,78,1109,63,250,203,78,93,94,140,79,1
140,79,110,110,15,110,16,110,79,63,47,15,1
46,94,31,141,0,94,78,48,63,16,78,62,1
32,79,110,438,125,31,32,79,79,63,47,15,1
109,109,157,157,156,94,94,93,63,94,203,63,1
94,141,47,172,0,172,125,110,62,16,141,62,1
125,109,157,94,156,110,140,78,63,94,203,63,1
94,125,125,125,78,125,63,93,94,125,94,78,1
94,47,109,109,32,171,140,94,78,156,47,110,1
78,125,125,125,47,141,110,78,94,125,94,78,1
63,125,94,94,219,98,109,63,78,78,110,46,1
47,31,78,94,187,78,15,63,47,94,93,78,1
62,125,94,110,234,78,0,63,78,78,110,46,1
171,47,156,156,32,140,31,109,94,250,31,125,1
63,0,63,110,78,187,109,78,93,125,93,94,1
125,47,156,125,79,140,15,94,94,250,31,125,1
78,16,141,141,62,125,63,78,63,62,140,63,1
16,78,63,0,15,125,78,0,63,78,93,32,1
110,16,141,187,0,94,63,62,63,62,140,63,1
109,16,203,203,15,137,16,94,125,94,78,109,1
125,32,78,156,16,137,0,94,79,109,63,141,1
62,16,203,0,47,140,16,172,125,94,78,109,1
109,109,203,203,78,109,47,110,125,109,63,78,1
93,47,62,0,15,109,109,78,94,78,110,109,1
63,109,203,0,47,125,31,110,125,109,63,78,1
141,31,78,78,32,31,47,31,62,47,125,47,1
47,156,16,531,625,31,79,31,62,94,0,62,1
62,31,78,671,193,31,32,93,62,47,125,47,1
141,31,125,125,31,125,125,203,93,47,141,31,1
125,110,94,0,0,125,16,46,79,0,93,47,1
47,31,125,657,720,15,78,453,93,47,141,31,1
63,172,78,78,31,78,79,62,106,47,125,63,1
46,62,63,78,250,47,93,63,31,78,109,63,1
46,172,78,62,188,78,140,63,106,47,125,63,1
109,79,109,109,31,78,234,78,109,140,16,62,2
94,63,62,0,31,141,109,32,63,109,16,78,2
125,79,109,0,16,94,109,109,109,140,16,62,2
62,156,250,250,31,141,62,94,62,94,62,94,2
110,47,62,0,32,141,125,156,63,79,78,62,2
31,156,250,62,94,94,15,62,62,94,62,94,2
78,141,250,250,47,47,47,62,78,32,141,31,2
109,172,16,0,47,47,125,16,78,31,94,31,2
62,141,250,906,1000,47,203,78,78,32,141,31,2
62,31,109,109,31,63,32,78,359,218,47,16,2
47,16,47,0,15,94,47,16,94,94,15,62,2
16,31,109,0,31,94,78,78,359,218,47,16,2
78,31,140,140,31,62,16,94,109,62,94,62,2
78,62,78,0,16,62,109,125,63,94,109,62,2
63,31,140,109,16,78,16,78,109,62,94,62,2
69,63,80,80,442,110,36,79,78,69,111,41,2
72,31,78,70,411,65,24,81,150,78,94,94,2
79,63,80,73,185,103,73,31,78,69,111,41,2
94,63,172,172,47,109,78,78,78,156,63,141,2
78,16,78,0,31,109,94,15,63,110,47,62,2
94,63,172,0,15,109,172,94,78,156,63,141,2
63,32,187,187,0,78,31,78,78,94,78,47,2
32,16,62,110,31,78,117,20,63,94,31,63,2
78,32,187,109,47,63,15,78,78,94,78,47,2
63,219,62,62,31,47,109,47,1015,79,125,62,2
47,63,78,63,94,78,125,62,62,93,110,93,2
78,219,62,47,78,109,219,47,1015,79,125,62,2
78,63,109,109,47,125,0,94,109,78,93,203,2
78,31,110,78,78,187,62,47,78,109,110,62,2
94,63,109,93,78,110,31,78,109,78,93,203,2
110,31,79,79,31,140,16,46,79,125,62,109,2
125,32,78,98,59,124,94,31,93,79,93,140,2
344,31,79,94,31,125,16,94,79,125,62,109,2
79,15,140,140,47,90,0,62,78,94,94,47,2
94,32,94,0,16,93,140,16,78,78,94,78,2
63,15,140,0,63,125,31,78,78,94,94,47,2
46,62,78,78,125,79,16,62,156,63,109,62,2
47,47,63,125,62,141,62,47,47,62,125,63,2
16,62,78,79,46,110,16,62,156,63,109,62,2
109,62,172,172,15,100,46,63,62,141,62,125,2
78,32,78,94,46,110,141,16,46,109,31,110,2
94,62,172,78,94,125,15,94,62,141,62,125,2
62,63,78,78,62,79,78,62,94,78,93,63,2
63,78,63,63,125,62,125,47,63,78,94,63,2
63,63,78,47,125,63,78,63,94,78,93,63,2
31,47,125,125,47,47,16,78,78,47,63,109,2
78,93,32,484,500,47,47,16,78,31,62,79,2
47,47,125,0,47,62,78,94,78,47,63,109,2
78,157,78,78,172,62,78,93,79,79,78,78,2
62,0,94,109,157,78,141,94,78,78,110,78,2
63,157,78,47,156,94,63,78,79,79,78,78,2
63,94,78,78,187,63,62,47,109,78,94,63,2
62,63,62,63,62,78,94,78,78,63,109,78,2
47,94,78,63,140,47,47,78,109,78,94,63,2
125,0,78,78,78,180,16,78,62,31,109,47,2
94,78,47,141,47,187,47,31,63,15,125,46,2
0,0,78,0,15,172,94,94,62,31,109,47,2
94,62,109,109,31,125,141,31,94,141,0,62,2
16,78,31,110,31,125,78,31,46,63,172,16,2
94,62,109,0,0,94,47,109,94,141,0,62,2
